Article	Vedette	Localisation	INSEE_corrigé	Nom_corrigé	Commentaire
DT01-00552	de-Haut (Les),	Abergement-Clémentiat	01001		
DT01-01552	Bramafan,	Abergement-Clémentiat	01001		
DT01-02213	Chamandrey,	Abergement-Clémentiat	01001		
DT01-02455	Chapirey,	Abergement-Clémentiat	01001		
DT01-04567	Fayard (Le),	Abergement-Clémentiat	01001		
DT01-04645	Fiole (La),	Abergement-Clémentiat	01001		
DT01-06710	Métrats (Les),	Abergement-Clémentiat	01001		
DT01-07621	Ordre (L'),	Abergement-Clémentiat	01001		
DT01-07772	Péage (Le),	Abergement-Clémentiat	01001		
DT01-08175	Pommerelle,	Abergement-Clémentiat	01001		
DT01-10319	Tisserand,	Abergement-Clémentiat	01001		
DT01-11090	Vignes (Les),	Abergement-Clémentiat	01001		
DT01-07576	Noyerat (Le),	Amb[r]onay	01007	Ambronay	
DT01-00931	Bied-de-Borgeil (Le),	Ambérieu	01004		
DT01-03152	Colonge (La),	Ambérieu	01004		
DT01-04240	Enfondre-Vaissel,	Ambérieu	01004		
DT01-04246	Enversis (Les),	Ambérieu	01004		
DT01-05664	Île (En),	Ambérieu	01004		
DT01-07169	Mortalité (La),	Ambérieu	01004		
DT01-08416	Poysats (Les),	Ambérieu	01004		
DT01-09223	Sachins,	Ambérieu	01004		
DT01-10414	Tour-de-Saint-Germain (La),	Ambérieu	01004		
DT01-10696	Vallières,	Ambérieu	01004		
DT01-03947	Darbonnay,	Ambronnay	01007	Ambronay	
DT01-08586	*Quintaine,	Ameyzieu	01415		
DT01-01254	Boissière (La),	Arandaz	01013		
DT01-02419	Chantignieu,	Arandaz	01013		
DT01-03184	Combe-aux-Archers (La),	Arandaz	01013		
DT01-10236	Teyspe,	Arans	01012		
DT01-04677	Flon (Le),	Artemare	01022		
DT01-07153	Morflan (La),	Artemare	01022		
DT01-09118	Ruisseau-d'Artemare (Le),	Artemare	01022		
DT01-02880	*Chazot,	Bâgé	01026		
DT01-06190	Luyat,	Bâgé	01026		
DT01-00593	Bâtie-sur-Cerdon (La),	Balme	01200	Labalme	
DT01-02709	Châtelard (Le),	Balme	01200	Labalme	
DT01-09141	Ruisseau-de-la-Balme (Le),	Balme	01200	Labalme	
DT01-09409	Saint-Julien-la-Balme,	Balme	01200	Labalme	
DT01-00535	Barrioz (Le),	Balme-Sappel	01200	Labalme	
DT01-03815	Cublaise,	Balme-Sappel	01200	Labalme	
DT01-09618	Sappel,	Balme-Sappel	01200	Labalme	
DT01-10388	Tour-de-Carmier (La),	Balme-Sappel	01200	Labalme	
DT01-10399	Tour-de-la-Balme (La),	Balme-Sappel	01200	Labalme	
DT01-10989	Verruquière (La),	Balme-Sappel	01200	Labalme	
DT01-00893	Beyssiat (Le),	Balme-sur-Cerdon	01200	Labalme	
DT01-07702	Palud (La),	Bélignat	01031		
DT01-01030	Biez-des-Monlaines (Le),	Bellegarde	01033		
DT01-07354	Musinens,	Bellegarde	01033		
DT01-07544	Notre-Dame-d'Acout,	Bellegarde	01033		
DT01-10674	Valbonne (La),	Belligneux	01032		
DT01-05638	Hostel,	Belmont-en-Valromey	01036		
DT01-01920	Caline (La),	Benonces	01037		
DT01-00216	Archers (Les),	Bénonces	01037		
DT01-00240	Arella,	Bénonces	01037		
DT01-00341	Avarcon,	Bénonces	01037		
DT01-00434	Balme-de-Roland (La),	Bénonces	01037		
DT01-00706	Bellet,	Bénonces	01037		
DT01-00718	Belley (En),	Bénonces	01037		
DT01-01000	Biez-de-la-Gorge (Le),	Bénonces	01037		
DT01-01184	Boirieux,	Bénonces	01037		
DT01-01460	Bourbouillon (Le),	Bénonces	01037		
DT01-01921	Calinière (La),	Bénonces	01037		
DT01-01990	Carre (Le),	Bénonces	01037		
DT01-02159	Chalamans,	Bénonces	01037		
DT01-02182	Chale-Ronde (Le Mollard-de-),	Bénonces	01037		
DT01-02201	Chalonière (La),	Bénonces	01037		
DT01-02387	Chânoz (Le),	Bénonces	01037		
DT01-03184	Combe-aux-Archers (La),	Bénonces	01037		
DT01-03290	Conflens,	Bénonces	01037		
DT01-03377	*Corille (La),	Bénonces	01037		
DT01-03545	Courrerie (La),	Bénonces	01037		
DT01-03575	Coux,	Bénonces	01037		
DT01-04034	Dologne,	Bénonces	01037		
DT01-04120	Dromioz,	Bénonces	01037		
DT01-04553	Favière (La),	Bénonces	01037		
DT01-04723	Fontaine-au-Loup (La),	Bénonces	01037		
DT01-04833	Fosseau (Le),	Bénonces	01037		
DT01-05089	Genvais,	Bénonces	01037		
DT01-05238	Gouttet (Le),	Bénonces	01037		
DT01-06165	Luiset,	Bénonces	01037		
DT01-06288	Maladière (La),	Bénonces	01037		
DT01-06361	Malpertuis,	Bénonces	01037		
DT01-06799	Molard (Le),	Bénonces	01037		
DT01-07446	Navarcon,	Bénonces	01037		
DT01-07607	Onglas,	Bénonces	01037		
DT01-08007	Pin-Chevalens (Le),	Bénonces	01037		
DT01-08297	Portes,	Bénonces	01037		
DT01-09433	Saint-Martin,	Bénonces	01037		
DT01-09602	Sancy,	Bénonces	01037		
DT01-09725	Seigneux,	Bénonces	01037		
DT01-09879	Silans,	Bénonces	01037		
DT01-09907	Soie (La),	Bénonces	01037		
DT01-10305	Tine (La),	Bénonces	01037		
DT01-10502	Trèjon (Le),	Bénonces	01037		
DT01-10705	Valouse (La),	Bénonces	01037		
DT01-11210	Voison (Le),	Bénonces	01037		
DT01-08364	Poype-d'Armand-de-Bullieu (La),	Béreins	01389		
DT01-08366	Poype-de-Béreins (La),	Béreins	01389		
DT01-08392	Poype-de-Mons (La),	Béreins	01389		
DT01-04941	Frillage (Le),	Béréziat	01040		
DT01-10091	Tallière (La),	Bignieux-le-Franc	01325	Rignieux-le-Franc	
DT01-00094	Allée-de-Challes (L'),	Bourg	01053		
DT01-00196	Arbelles (Les),	Bourg	01053		
DT01-00394	Bâgé-le-Châtel,	Bourg	01053		
DT01-00468	Baraques (Les),	Bourg	01053		
DT01-00939	Bief-de-Challrs (Le),	Bourg	01053		
DT01-01114	Blancheries (Les),	Bourg	01053		
DT01-01295	*Bondières (Les),	Bourg	01053		
DT01-01419	Bouchoux (Les),	Bourg	01053		
DT01-01476	Bourdonnière (La),	Bourg	01053		
DT01-01495	Bourgmayet (Le),	Bourg	01053		
DT01-01497	Bourgneuf,	Bourg	01053		
DT01-01519	Bouvent,	Bourg	01053		
DT01-01657	Briquet,	Bourg	01053		
DT01-01703	Brou,	Bourg	01053		
DT01-01704	Brou (Église de),	Bourg	01053		
DT01-01785	Buelle,	Bourg	01053		
DT01-01974	Caronnières (Les),	Bourg	01053		
DT01-02004	Carrefour-des-Dames (Le),	Bourg	01053		
DT01-02195	Petit),	Bourg	01053		
DT01-02272	Champ-de-Brou (Le),	Bourg	01053		
DT01-02408	Chantemerle,	Bourg	01053		
DT01-02774	Châtillon-sur-Chalaronne,	Bourg	01053		
DT01-03035	Clapier (Le),	Bourg	01053		
DT01-03097	Coligny,	Bourg	01053		
DT01-03288	Cône (Le),	Bourg	01053		
DT01-03464	Côte (La),	Bourg	01053		
DT01-03660	Crêts (Les),	Bourg	01053		
DT01-03825	Cuègre,	Bourg	01053		
DT01-03840	Cuiron,	Bourg	01053		
DT01-03878	Curtafray,	Bourg	01053		
DT01-04362	Étang-de-Bourg (L'),	Bourg	01053		
DT01-04694	Folie (La),	Bourg	01053		
DT01-04885	Four-de-Bagé (Le),	Bourg	01053		
DT01-05007	Garde (La),	Bourg	01053		
DT01-05053	Gelières (Les),	Bourg	01053		
DT01-05406	Graves (Les),	Bourg	01053		
DT01-05425	Grenouillière (La),	Bourg	01053		
DT01-05525	Guillermettes (Les),	Bourg	01053		
DT01-05558	Haute-Plume (La),	Bourg	01053		
DT01-05952	Lent,	Bourg	01053		
DT01-06048	Loëze,	Bourg	01053		
DT01-06907	Montagnat,	Bourg	01053		
DT01-06966	Montcet,	Bourg	01053		
DT01-07056	Montholon,	Bourg	01053		
DT01-07108	Montracol,	Bourg	01053		
DT01-07112	Montrevel,	Bourg	01053		
DT01-07202	Moulin-Bérard (Le),	Bourg	01053		
DT01-07225	Moulin-de-Crévecœur (Le),	Bourg	01053		
DT01-07252	Moulin-de-Rosières (Le),	Bourg	01053		
DT01-07261	Moulin-des-Loups (Le),	Bourg	01053		
DT01-07829	Péronnas,	Bourg	01053		
DT01-08166	Polliat,	Bourg	01053		
DT01-08197	Pont-d'Ain,	Bourg	01053		
DT01-08208	Pont-de-la-Halle (Le),	Bourg	01053		
DT01-08217	Pont-de-Vaux,	Bourg	01053		
DT01-08218	Pont-de-Veyle,	Bourg	01053		
DT01-08343	Poyet-de-Chantemerle (Le),	Bourg	01053		
DT01-08731	Reyssouze (La),	Bourg	01053		
DT01-08946	Rosière,	Bourg	01053		
DT01-09248	Saint-André-le-Panoux,	Bourg	01053		
DT01-09292	Saint-Denis-le-Ceyzériat,	Bourg	01053		
DT01-09354	Saint-Georges,	Bourg	01053		
DT01-09412	Saint-Just,	Bourg	01053		
DT01-09505	Saint-Remy,	Bourg	01053		
DT01-09508	Saint-Roch,	Bourg	01053		
DT01-09534	Saint-Trivier-de-Courtes,	Bourg	01053		
DT01-09629	Sardières (Les),	Bourg	01053		
DT01-09734	Seillon (La Forêt-de-),	Bourg	01053		
DT01-09819	Servas,	Bourg	01053		
DT01-10162	Ténières,	Bourg	01053		
DT01-10310	Tirant,	Bourg	01053		
DT01-10335	Torterel,	Bourg	01053		
DT01-10336	Le Pont-des-Chèvres,	Bourg	01053		
DT01-10375	Tour-à-la-Calandre (La),	Bourg	01053		
DT01-10377	Tour-au-Magnin (La),	Bourg	01053		
DT01-10378	Tour-aux-Juifs (La),	Bourg	01053		
DT01-10386	Tour-de-Bourgogne (La),	Bourg	01053		
DT01-10423	Tour-du-Cône (La),	Bourg	01053		
DT01-10426	Tour-du-Vergier (La),	Bourg	01053		
DT01-10434	Tour-Neuve-derrière-Sanciat (La),	Bourg	01053		
DT01-10494	Treffort,	Bourg	01053		
DT01-10849	Vennes (Les),	Bourg	01053		
DT01-10948	Vernes (Les),	Bourg	01053		
DT01-11184	Viriat,	Bourg	01053		
DT01-00254	Argillières,	Boyeux-Saint-Jérôme	01056		
DT01-00423	Balmalon,	Boyeux-Saint-Jérôme	01056		
DT01-00513	Barmalon,	Boyeux-Saint-Jérôme	01056		
DT01-01324	Borbollion (Le),	Boyeux-Saint-Jérôme	01056		
DT01-01460	Bourbouillon (Le),	Boyeux-Saint-Jérôme	01056		
DT01-01535	Boyeux,	Boyeux-Saint-Jérôme	01056		
DT01-02270	Champ-Courbe (Le),	Boyeux-Saint-Jérôme	01056		
DT01-02771	Châtillon-de-Cornelle,	Boyeux-Saint-Jérôme	01056		
DT01-02973	Chiloup,	Boyeux-Saint-Jérôme	01056		
DT01-03181	Combe-au-Loup (La),	Boyeux-Saint-Jérôme	01056		
DT01-03409	Corneille,	Boyeux-Saint-Jérôme	01056		
DT01-04499	Faisses (Les),	Boyeux-Saint-Jérôme	01056		
DT01-05845	Lancieux (Le),	Boyeux-Saint-Jérôme	01056		
DT01-06290	Maladière (La),	Boyeux-Saint-Jérôme	01056		
DT01-06801	Molard (Le),	Boyeux-Saint-Jérôme	01056		
DT01-07142	Moratier (Le),	Boyeux-Saint-Jérôme	01056		
DT01-07241	Moulin-de-Luyre (Le),	Boyeux-Saint-Jérôme	01056		
DT01-08185	Poncieux,	Boyeux-Saint-Jérôme	01056		
DT01-09401	Saint-Jérôme,	Boyeux-Saint-Jérôme	01056		
DT01-10032	Sur-Châtelet,	Boyeux-Saint-Jérôme	01056		
DT01-11168	Vinavaux (Le),	Boyeux-Saint-Jérôme	01056		
DT01-11212	Voivres (Les),	Boyeux-Saint-Jérôme	01056		
DT01-02970	Chierel,	Boysse	01049		
DT01-07729	Parafol,	Boysse	01049		
DT01-08145	Poirier-Falens (Le),	Boysse	01049		
DT01-08226	Pontet (Le),	Boysse	01049		
DT01-01769	Bublanne (Le Biez-de-),	Bublanne	01092		
DT01-01907	Cailleries (Les),	Buellaz	01065		
DT01-04952	Fromentière (La),	Buenans	01093		
DT01-10391	Tour-de-Challes (La),	Ceysériat	01072		
DT01-01575	Brassuet (Le),	Challex	01078		
DT01-02539	Charmilles (Les),	Challex	01078		
DT01-03289	Confignon,	Challex	01078		
DT01-04607	Ferrages,	Challex	01078		
DT01-04981	Gaillardin,	Challex	01078		
DT01-05471	Groise (La),	Challex	01078		
DT01-06959	Montbrison,	Challex	01078		
DT01-07320	Mucelle,	Challex	01078		
DT01-07400	Nant-de-Groise (Le),	Challex	01078		
DT01-07407	Nant-de-Marongy (Le),	Challex	01078		
DT01-07812	Pergy,	Challex	01078		
DT01-08149	Poisat,	Challex	01078		
DT01-10608	Tuilière (La),	Challex	01078		
DT01-01345	Borgeat,	Challey	01076		
DT01-04014	Diers (Le),	Chamfromier	01081		
DT01-09092	Ruade (La),	Chamfromier	01081		
DT01-05729	Jarjonod,	Champagne-en-Valromey	01079		
DT01-00492	Barbouillon (Le),	Champfronier	01081	Chamfromier	
DT01-04093	Douvres (En),	Charancins	01414		
DT01-04842	Fossieu,	Charancins	01414		
DT01-00400	Baillebos (Les),	Chavannes-sur-Reyssouse	01094		
DT01-00463	Banson,	Chavannes-sur-Reyssouse	01094		
DT01-00630	Beauregard,	Chavannes-sur-Reyssouse	01094		
DT01-06142	Lozier (Le),	Chavannes-sur-Reyssouse	01094		
DT01-09478	Saint-Oyend,	Chavannes-sur-Reyssouse	01094		
DT01-09785	Sermoyat,	Chavannes-sur-Reyssouse	01094		
DT01-01642	Briandes (Les),	Chazey	01099		
DT01-03199	Combe-du-Roy (La),	Chazey	01099		
DT01-11057	Vie-des-Cignes (La),	Chazey	01099		
DT01-11174	Viollet (Le),	Chazey	01099		
DT01-00431	Balme (La),	Cheignieu-la-Balme	01100		
DT01-04173	Éclats (Les),	Cheignieu-la-Balme	01100		
DT01-07731	Paralière,	Cheignieu-la-Balme	01100		
DT01-06833	Molard-de-Cleysieu (Le),	Cleysieu	01107		
DT01-01019	Biez-de-Ravinet (Le),	Cleyzieux	01107		
DT01-08719	Revermont (Le),	Cleyzieux	01107		
DT01-00180	Apremont (La Combe d'),	Clézieu	01107		
DT01-01046	Biez-Ravinet (Le),	Clézieu	01107		
DT01-01058	Billat (En),	Clézieu	01107		
DT01-03397	Bas-),	Clézieu	01107		
DT01-08541	Puisieux,	Clézieu	01107		
DT01-11143	Villeneuve,	Clézieu	01107		
DT01-05808	Lac-d'Arboreas (Le),	Collomieu	01110		
DT01-11114	Villard,	Collonge	01109		
DT01-00994	Biez-de-Gour (Le),	Condamine	01112		
DT01-01357	Borreyette (La),	Condamine	01112		
DT01-04106	Doys-de-Condamine (La),	Condamine	01112		
DT01-05567	Hauvet,	Condeissiat	01113		
DT01-06660	Mercurie,	Condeissiat	01113		
DT01-03459	Costarge,	Corgenon	non		
DT01-04466	Étra (Sous-l'),	Coudamine-la-Doye	01112	Condamine-la-Doye	
DT01-04268	Épiney (L'),	Cras-sur-Reyssouse	01130		
DT01-06608	Matrais (Les),	Cras-sur-Reyssouse	01130		
DT01-00040	Adams (Les),	Cras-sur-Reyssouze	01130		
DT01-00667	Bel-Air,	Cras-sur-Reyssouze	01130		
DT01-00745	Belvey,	Cras-sur-Reyssouze	01130		
DT01-02610	Chassagne,	Cras-sur-Reyssouze	01130		
DT01-03294	Confranchesse,	Cras-sur-Reyssouze	01130		
DT01-04874	Fourches (Les),	Cras-sur-Reyssouze	01130		
DT01-05856	Lange,	Cras-sur-Reyssouze	01130		
DT01-05888	Laurents (Les),	Cras-sur-Reyssouze	01130		
DT01-05958	Lépinay,	Cras-sur-Reyssouze	01130		
DT01-06935	Montatin,	Cras-sur-Reyssouze	01130		
DT01-07781	Pelachaz (Le),	Cras-sur-Reyssouze	01130		
DT01-07849	Perrets (Les),	Cras-sur-Reyssouze	01130		
DT01-07888	Pertuisettes (Les),	Cras-sur-Reyssouze	01130		
DT01-08133	Pochons (Les),	Cras-sur-Reyssouze	01130		
DT01-08558	Puthods (Les),	Cras-sur-Reyssouze	01130		
DT01-10793	Vavre (La),	Cras-sur-Reyssouze	01130		
DT01-00821	Berriat,	Craz-en-Michaille	01189		
DT01-06023	Lingiaz,	Craz-en-Michaille	01189		
DT01-11144	Villeneuve,	Craz-sur-Reyssouze	01130		
DT01-03094	Col-de-Croset (Le),	Croset	01135		
DT01-08964	Rossillon,	Croset	01135		
DT01-02218	Chambards (Les),	Cruzille-les-Mépillat	01136		
DT01-01079	Bioleys (Les),	Cruzilles-les-Mépillat	01136		
DT01-01252	Boissey,	Cruzilles-les-Mépillat	01136		
DT01-01908	Cailles (Les),	Cruzilles-les-Mépillat	01136		
DT01-03685	Creuzes (Les),	Cruzilles-les-Mépillat	01136		
DT01-04089	Douvre (Le),	Cruzilles-les-Mépillat	01136		
DT01-04831	Foset,	Cruzilles-les-Mépillat	01136		
DT01-04898	Foz,	Cruzilles-les-Mépillat	01136		
DT01-04995	Gallieu,	Cruzilles-les-Mépillat	01136		
DT01-05829	Lagniat,	Cruzilles-les-Mépillat	01136		
DT01-06452	Marguins (Les),	Cruzilles-les-Mépillat	01136		
DT01-06646	Mépillat,	Cruzilles-les-Mépillat	01136		
DT01-06753	Millerat,	Cruzilles-les-Mépillat	01136		
DT01-07095	*Montonnière (La),	Cruzilles-les-Mépillat	01136		
DT01-07306	Mousseron (Le),	Cruzilles-les-Mépillat	01136		
DT01-08349	Poype (La),	Cruzilles-les-Mépillat	01136		
DT01-08917	Ronde (La),	Cruzilles-les-Mépillat	01136		
DT01-08991	Roussets (Les),	Cruzilles-les-Mépillat	01136		
DT01-09241	Saint-André,	Cruzilles-les-Mépillat	01136		
DT01-09279	Saint-Claude,	Cruzilles-les-Mépillat	01136		
DT01-09793	Serpolière,	Cruzilles-les-Mépillat	01136		
DT01-09841	Servigne,	Cruzilles-les-Mépillat	01136		
DT01-10507	Tremblay (Le),	Cruzilles-les-Mépillat	01136		
DT01-10765	Varon,	Cruzilles-les-Mépillat	01136		
DT01-10934	Vernays (Les),	Cruzilles-les-Mépillat	01136		
DT01-00838	Bertillière (La),	Cruzilles-lez-Mépillat	01136		
DT01-02791	Chauçon,	Denis-le-Chausson	01345	Saint-Denis-le-Chosson	
DT01-00820	Béroudêche,	Dommartin-de-Larenay	01144		
DT01-01138	Bletonnay (Le),	Dommartin-de-Larenay	01144		
DT01-01352	Borne (La),	Dommartin-de-Larenay	01144		
DT01-01722	Broyères (Les),	Dommartin-de-Larenay	01144		
DT01-02341	Chanay (Le),	Dommartin-de-Larenay	01144		
DT01-02347	Chanay-Feillens (Le),	Dommartin-de-Larenay	01144		
DT01-03075	Coberthoud,	Dommartin-de-Larenay	01144		
DT01-03917	*Cutifière (La),	Dommartin-de-Larenay	01144		
DT01-04832	Fossard (Le),	Dommartin-de-Larenay	01144		
DT01-05868	Larenay,	Dommartin-de-Larenay	01144		
DT01-06046	Loëze (Le Ruisseau-de-),	Dommartin-de-Larenay	01144		
DT01-06490	Mars (Les),	Dommartin-de-Larenay	01144		
DT01-07046	Montgey,	Dommartin-de-Larenay	01144		
DT01-07668	Oysse,	Dommartin-de-Larenay	01144		
DT01-07834	Pérouse (La),	Dommartin-de-Larenay	01144		
DT01-07835	Pérouse (La Petite-),	Dommartin-de-Larenay	01144		
DT01-08075	Planchette (La),	Dommartin-de-Larenay	01144		
DT01-08376	Poype-de-Coberthoud (La),	Dommartin-de-Larenay	01144		
DT01-08715	Revermondière (La),	Dommartin-de-Larenay	01144		
DT01-09738	Selaret,	Dommartin-de-Larenay	01144		
DT01-09765	Sept-en-Bouche,	Dommartin-de-Larenay	01144		
DT01-10809	Vavres (Les),	Dommartin-de-Larenay	01144		
DT01-10871	Verchères (Les),	Dommartin-de-Larenay	01144		
DT01-00090	Allée (L'),	Dompierre	non		
DT01-00544	Barvet (Le),	Dompierre	01146		
DT01-00712	Bellevue,	Dompierre	non		
DT01-00769	Bercy,	Dompierre	non		
DT01-00781	Bérézières (Les),	Dompierre	01145		
DT01-01109	Blanchères (Les),	Dompierre	01145		
DT01-02738	Châtelet (Le),	Dompierre	01145		
DT01-04405	Étang-des-Fourches (L'),	Dompierre	01145		
DT01-04421	Étang-du-Grand-Marais (L'),	Dompierre	01145		
DT01-05725	Jarbonnet (Le),	Dompierre	non		
DT01-06322	Maladières (Les),	Dompierre	01146		
DT01-07693	Palais-Royal (Le),	Dompierre	non		
DT01-07740	Parlement (Le),	Dompierre	01146		
DT01-09697	Savoie (La),	Dompierre	non		
DT01-02698	Château-Roux (Le),	Dompierre-de-Chalaronne	01146		
DT01-08373	Poype-de-Château-Roux (La),	Dompierre-de-Chalaronne	01146		
DT01-00379	Bachasses (Les),	Dompierre-sur-Veyle	01145		
DT01-00469	Baraques (Les),	Dompierre-sur-Veyle	01145		
DT01-03292	Conflens,	Échazeaux	01125		
DT01-00497	Bardets (Les),	Estrez	01154		
DT01-02763	Châtillon,	Estrez	01154		
DT01-01437	Boujat (Le),	Évosges	01155		
DT01-03381	Corlière (La),	Évosges	01155		
DT01-10188	Terment (Le),	Évosges	01155		
DT01-06075	London (La),	Genève	non		
DT01-08737	Rhône (Le),	Genève	non		
DT01-09363	Saint-Germain-de-Béard,	Géovressiat	01170		
DT01-00028	Abergements (Les),	Grand	01176	Abergement-le-Grand	
DT01-00512	Barley,	Grand-Abergement	01176	Abergement-le-Grand	
DT01-00776	Bérentin (Le),	Grand-Abergement	01176	Abergement-le-Grand	
DT01-00777	Bérentin,	Grand-Abergement	01176	Abergement-le-Grand	
DT01-03565	Couteul (Le),	Grand-Abergement	01176	Abergement-le-Grand	
DT01-04013	Didonne,	Grand-Abergement	01176	Abergement-le-Grand	
DT01-04279	Ermilant (L'),	Grand-Abergement	01176	Abergement-le-Grand	
DT01-06373	Manche (La),	Grand-Abergement	01176	Abergement-le-Grand	
DT01-06691	Merlogne,	Grand-Abergement	01176	Abergement-le-Grand	
DT01-07283	Moulin-Lavuire (Le),	Grand-Abergement	01176	Abergement-le-Grand	
DT01-07822	Perniez,	Grand-Abergement	01176	Abergement-le-Grand	
DT01-08662	Reculet (Le),	Grand-Abergement	01176	Abergement-le-Grand	
DT01-09582	Salpol,	Grand-Abergement	01176	Abergement-le-Grand	
DT01-09919	Solives (Les),	Grand-Abergement	01176	Abergement-le-Grand	
DT01-09999	Sous-Magolet,	Grand-Abergement	01176	Abergement-le-Grand	
DT01-10076	Taillies (Les),	Grand-Abergement	01176	Abergement-le-Grand	
DT01-10687	Valla (La),	Grand-Abergement	01176	Abergement-le-Grand	
DT01-11039	Vézeronce (La),	Grand-Abergement	01176	Abergement-le-Grand	
DT01-03636	Crêt-au-Merle (Le),	Haute-Molune	39510		
DT01-09748	Semine (La),	Haute-Molune	39510		
DT01-01177	Bohan,	Hautecourt	01184		
DT01-01178	Bohan (Challes-de-),	Hautecourt	01184		
DT01-01179	Bohan (Tour de),	Hautecourt	01184		
DT01-02770	Châtillon-au-Val-de-Bohan,	Hautecourt	01184		
DT01-03629	Crêt (Le),	Hautecourt	01184		
DT01-03986	Derbière-la-Tour,	Hautecourt	01184		
DT01-06695	Merloz,	Hautecourt	01184		
DT01-06637	Melogne (La),	Hauteville et de Cormaranche	01185	Hauteville	
DT01-00194	Arbarettaz (L'),	Hotonnes	01187		
DT01-00223	Archuins,	Hotonnes	01187		
DT01-00375	Babille (La),	Hotonnes	01187		
DT01-00792	Bergonnes (Les),	Hotonnes	01187		
DT01-00823	Berrod,	Hotonnes	01187		
DT01-01342	Bordet (Le),	Hotonnes	01187		
DT01-01828	Buloz,	Hotonnes	01187		
DT01-01900	Caffieu,	Hotonnes	01187		
DT01-02536	Charmettes (Les),	Hotonnes	01187		
DT01-02571	Charpis,	Hotonnes	01187		
DT01-02906	Chêne-de-Rivoire (Le),	Hotonnes	01187		
DT01-02990	Chomeyroux,	Hotonnes	01187		
DT01-03041	Clavelière (La),	Hotonnes	01187		
DT01-03079	Cocholière (La),	Hotonnes	01187		
DT01-03231	Comboz,	Hotonnes	01187		
DT01-03630	Crêt (Le),	Hotonnes	01187		
DT01-03678	Creux-du-Nant (Le),	Hotonnes	01187		
DT01-04097	Doux (Les),	Hotonnes	01187		
DT01-04960	Gabaret,	Hotonnes	01187		
DT01-07383	Nant (Le Creux-du-),	Hotonnes	01187		
DT01-08087	Plans-d'Hotonnes (Les),	Hotonnes	01187		
DT01-08521	Proupeine,	Hotonnes	01187		
DT01-08593	Rachet,	Hotonnes	01187		
DT01-08814	Rivoire (La),	Hotonnes	01187		
DT01-09403	Saint-Joseph,	Hotonnes	01187		
DT01-09715	Sèches (Les),	Hotonnes	01187		
DT01-09781	Sermasin,	Hotonnes	01187		
DT01-09797	Serra (La),	Hotonnes	01187		
DT01-10050	Sur-les-Liords,	Hotonnes	01187		
DT01-10445	Tours (Les),	Hotonnes	01187		
DT01-01026	Biez-des-Cruies (Le),	Innimond	01190		
DT01-04676	Flon (Le),	Innimond	01190		
DT01-06836	Dedon (Le),	Innimond	01190		
DT01-09163	Ruisseau-de-Rochat (Le),	Innimond	01190		
DT01-00696	Bellecour,	Jassans-Riottier	01194		
DT01-08035	Place (La),	Jassans-Riottiers	01194		
DT01-08271	Port-de-Frans (Le),	Jassans-Riottiers	01194		
DT01-04844	Fou (Le),	L'Hôpital	01215		
DT01-04738	Fontaine-Reine (La),	La-Balme-Sappel	01200		
DT01-00221	Archinières (Les),	La-Chapelle-du-Châtelard	01085		
DT01-00623	Beaumont,	La-Chapelle-du-Châtelard	01085		
DT01-00679	Belettes (Les),	La-Chapelle-du-Châtelard	01085		
DT01-01623	Brêts (Les),	La-Chapelle-du-Châtelard	01085		
DT01-02714	Châtelard (Le),	La-Chapelle-du-Châtelard	01085		
DT01-10013	Sud (Le),	La-Chapelle-du-Châtelard	01085		
DT01-10508	Tremblay (Le),	Lentenay	01206	Lantenay	
DT01-04687	Fluvon,	Lhopital	01215		
DT01-03897	Curtil-Froment (Le),	Mantenay	01230		
DT01-03420	Cornus (Les),	Marloz	01232	Marboz	
DT01-06396	Marais-de-Cressin (Le),	Massignieu	01239		
DT01-01036	Biez-du-Bois-Tharlet (Le),	Meillonas	01241		
DT01-02508	Charine (La),	Meillonas	01241		
DT01-07535	Nonces (Les),	Moncet	01259	Montcet	
DT01-07857	Perrière (La),	Moncey	01259	Montcet	
DT01-02797	Chaugeat,	Montafelon	01240		
DT01-00846	Besançon (Le),	Montagna-le-Reconduit	39346		
DT01-00585	Bâtie (La),	Montanges	01257		
DT01-02081	Caux,	Montanges	01257		
DT01-03101	Collet (Le),	Montanges	01257		
DT01-03210	Combert (La),	Montanges	01257		
DT01-04102	Doys (La),	Montanges	01257		
DT01-04159	Échazeaux,	Montanges	01257		
DT01-04472	Étraz (L'),	Montanges	01257		
DT01-04561	Fay (Le),	Montanges	01257		
DT01-05104	Gers (Sur-le),	Montanges	01257		
DT01-05920	Layriat,	Montanges	01257		
DT01-05983	Leyriat,	Montanges	01257		
DT01-06416	Marchant,	Montanges	01257		
DT01-06453	Marichère,	Montanges	01257		
DT01-07372	Namphée (La),	Montanges	01257		
DT01-07395	Nant-Blanc (Le),	Montanges	01257		
DT01-07415	Nant-de-Sougia (Le),	Montanges	01257		
DT01-08867	Rochette (La),	Montanges	01257		
DT01-09180	Ruisseau-de-Trébillet (Le),	Montanges	01257		
DT01-09202	Ruty,	Montanges	01257		
DT01-09603	Sandezans (Le),	Montanges	01257		
DT01-09608	Sanges (Les),	Montanges	01257		
DT01-10487	Trébillet,	Montanges	01257		
DT01-10962	Verney (Le),	Montanges	01257		
DT01-03461	Cotard (Le),	Montcey	01259	Montcet	
DT01-10024	Sura,	Montcey	01259	Montcet	
DT01-10025	Sura,	Montcey	01259	Montcet	
DT01-10115	Téranne,	Montcey	01259	Montcet	
DT01-10123	Tarlet,	Montcey	01259	Montcet	
DT01-10850	Vêpres (Les),	Montcey	01259	Montcet	
DT01-11092	Vignes (Les),	Montcey	01259	Montcet	
DT01-03696	Croibiet (Le Bief-de),	Montenay	01230	Mantenay-Montlin	
DT01-06176	Luminaire (La),	Montenay-Montlin	01230	Mantenay-Montlin	
DT01-05761	Joncherey (Le),	Montlin	01230	Mantenay-Montlin	
DT01-08731	Reyssouze (La),	Montrevel,	01266		
DT01-00077	Albarine (L'),	Moussières	NON		
DT01-07558	Notre-Dame-de-Pitié,	Murs	01268		
DT01-01161	Bochard,	Nattages	01271		
DT01-01513	Boutz,	Nattages	01271		
DT01-02546	Charmont,	Nattages	01271		
DT01-02670	Chateau-Bochard,	Nattages	01271		
DT01-02888	Chemillieu,	Nattages	01271		
DT01-04280	Eru (L'),	Nattages	01271		
DT01-04541	Faubourg (Le),	Nattages	01271		
DT01-06226	Magnin,	Nattages	01271		
DT01-06419	Marchérieux,	Nattages	01271		
DT01-06481	Marnix,	Nattages	01271		
DT01-06745	Migieu,	Nattages	01271		
DT01-07378	Nant (Le),	Nattages	01271		
DT01-07387	Nant (Le),	Nattages	01271		
DT01-08153	Poisson,	Nattages	01271		
DT01-08726	Revonsa,	Nattages	01271		
DT01-09298	Saint-Didier,	Nattages	01271		
DT01-09524	Saint-Sorlin (La Fontaine),	Nattages	01271		
DT01-10560	Trézan,	Nattages	01271		
DT01-10615	Tuilière (La),	Nattages	01271		
DT01-09825	Serve (La),	Neuville-de-Renon	01272		
DT01-00558	Basse-Loge,	Neuville-les-Dames	01272		
DT01-06408	Marboz,	Neuville-les-Dames	01272		
DT01-09581	Salos,	Neuville-les-Dames	01272		
DT01-00913	Biajard (Le),	Neuville-sur-Saône	69143		
DT01-07502	Niévro,	Neyrieux	01322	Reyrieux	
DT01-07271	Moulin-d'Ordonnaz (Le),	Ordonnaz	01280		
DT01-08818	Rivoire (La),	Ordonnaz	01280		
DT01-08827	Rivolière (La),	Ordonnaz	01280		
DT01-10760	Varionarium,	Ordonnaz	01280		
DT01-04549	Faverge (La),	Parves-Nattage	01271	Nattages	
DT01-09311	Sainte-Anne,	Parves-Nattage	01286	Parves	
DT01-09342	Saint-Fiacre,	Parves-Nattage	01286	Parves	
DT01-00587	Bâtie (La),	Pérex	01291		
DT01-01812	Buiset (Le),	Pérouge	01290		
DT01-03099	Colladanche (En),	Perronas	01289		
DT01-00028	Abergements (Les),	Petit-Abergement	01292	Abergement-le-Petit	
DT01-00581	Bâtelière (La),	Petit-Abergement	01292		
DT01-00704	Belle-Roche,	Petit-Abergement	01292		
DT01-01269	Boittard (Le),	Petit-Abergement	01292		
DT01-04806	Forêt-des-Moussières (La),	Petit-Abergement	01292		
DT01-04922	Frasses (Les Grandes-),	Petit-Abergement	01292		
DT01-05719	Jalinard,	Petit-Abergement	01292		
DT01-05768	Jorat (Le),	Petit-Abergement	01292		
DT01-06053	Loges (Les),	Petit-Abergement	01292		
DT01-07178	Mortier (Le),	Petit-Abergement	01292		
DT01-07309	Moussières (Les),	Petit-Abergement	01292		
DT01-07462	Nerbier,	Petit-Abergement	01292		
DT01-08076	Plane (Le),	Petit-Abergement	01292		
DT01-08495	Prévoire (Le),	Petit-Abergement	01292		
DT01-09768	Séran (Le),	Petit-Abergement	01292		
DT01-09779	Sériat,	Petit-Abergement	01292		
DT01-00146	Amont (En d'),	Peyrieux	01294		
DT01-00151	Andamour,	Peyrieux	01294		
DT01-01300	Bonnaz (En),	Peyrieux	01294		
DT01-01531	Bovinel,	Peyrieux	01294		
DT01-02241	Chamillieu,	Peyrieux	01294		
DT01-02412	Chantemerle,	Peyrieux	01294		
DT01-02421	Chanut,	Peyrieux	01294		
DT01-02664	Château (Le),	Peyrieux	01294		
DT01-02723	Châtelard (Le),	Peyrieux	01294		
DT01-04563	Fay,	Peyrieux	01294		
DT01-06185	Lurieux,	Peyrieux	01294		
DT01-07431	Nantuy,	Peyrieux	01294		
DT01-08820	Rivoire,	Peyrieux	01294		
DT01-09495	Saint-Pierre,	Peyrieux	01294		
DT01-10040	Surjoux (En),	Peyrieux	01294		
DT01-10187	Termens (Les),	Peyrieux	01294		
DT01-00605	Baurillière (La),	Peyrouze	01207		
DT01-01713	Brovonnes (Les),	Peyrouze	01207		
DT01-04430	Étang-Grand-Richagneux (L'),	Peyrouze	01207		
DT01-04436	Étang-Mareins (L'),	Peyrouze	01207		
DT01-04438	Étang-Morelan (L'),	Peyrouze	01207		
DT01-05409	Gravier,	Peyrouze	01207		
DT01-05936	Léchère (La),	Peyrouze	01207		
DT01-06248	Maison-Blanche (La),	Peyrouze	01207		
DT01-07179	Mortier (Le),	Peyrouze	01207		
DT01-08784	Rippe (La),	Peyrouze	01207		
DT01-03770	Croses (Les),	Peysieux	01295		
DT01-01488	Bourg (Le),	Peyzieu	01295		
DT01-05040	Gaz (Le),	Peyzieu	01295		
DT01-02193	Challay,	Plagne	01298		
DT01-07951	Philis (La),	Plagne	01298		
DT01-04513	Fanières,	Poncins	01303		
DT01-05764	Jonchey,	Pouilly	01354		
DT01-06092	Longe-Rey (La),	Pouilly	01354		
DT01-07296	Moulins-de-Flyes (Les),	Pouilly	01354		
DT01-00105	Allondère (L'),	Pouilly-Saint-Genis	01354		
DT01-00212	Arc,	Pouilly-Saint-Genis	01354		
DT01-04584	Feigier (Le),	Pouilly-Saint-Genis	01354		
DT01-05693	Iserable (L'),	Pouilly-Saint-Genis	01354		
DT01-05937	Léchère (La),	Pouilly-Saint-Genis	01354		
DT01-06213	Maclenex,	Pouilly-Saint-Genis	01354		
DT01-07848	Perrignin,	Pouilly-Saint-Genis	01354		
DT01-09348	Saint-Genis,	Pouilly-Saint-Genis	01354		
DT01-09657	Sauges (Les),	Pouilly-Saint-Genis	01354		
DT01-01823	Bulix (En),	Prémeysel	01310		
DT01-09442	Saint-Martin,	Prémeysel	01310		
DT01-02203	Chalours,	Relevant	01319		
DT01-08371	Poype-de-Chabonne (La),	Relevant	01319		
DT01-11101	Vignieux,	Replonge	01320		
DT01-00008	Abbaye (L'),	Reyssouse	01323		
DT01-10148	Temple (Le),	Reyssouse	01323		
DT01-08079	Planeise,	Rigneux	01325		
DT01-08092	Plantières (Les),	Rigneux	01325		
DT01-08528	Puavol,	Rigneux	01325		
DT01-01866	Buyat,	Rigneux-le-Franc	01325		
DT01-02391	Chânoz,	Rigneux-le-Franc	01325		
DT01-03626	Crest (Le),	Rigneux-le-Franc	01325		
DT01-04350	Étang-Boselange (L'),	Rigneux-le-Franc	01325		
DT01-05032	Gauthier (Le),	Rigneux-le-Franc	01325		
DT01-05403	Gravelens,	Rigneux-le-Franc	01325		
DT01-05530	Guillon (Le),	Rigneux-le-Franc	01325		
DT01-05752	Joly (Le),	Rigneux-le-Franc	01325		
DT01-07158	Morillon,	Rigneux-le-Franc	01325		
DT01-08047	Plamboz,	Rigneux-le-Franc	01325		
DT01-08115	Platières (Les),	Rigneux-le-Franc	01325		
DT01-09586	Samans,	Rigneux-le-Franc	01325		
DT01-10365	Tour (La),	Rigneux-le-Franc	01325		
DT01-10585	Troyard (Le),	Rigneux-le-Franc	01325		
DT01-10697	Vallières,	Rigneux-le-Franc	01325		
DT01-03723	Croix (Les),	Rignieux	01325		
DT01-00977	Biez-Croisier (Le),	Rilleux	69286	Rillieux	
DT01-07844	Perpanenguin,	Riottiers	01194		
DT01-07231	*Moulin-de-la-Bassole,	Roman	01328		
DT01-00017	Abens (L'),	Saint-Benoît	01338		
DT01-00408	Baize (La),	Saint-Benoît	01338		
DT01-01453	Bourbandière (La),	Saint-Benoît	01338		
DT01-01796	Bugey (Le),	Saint-Benoît	01338		
DT01-01878	Cabuissat (Le),	Saint-Benoît	01338		
DT01-02249	Champ (Le),	Saint-Benoît	01338		
DT01-02933	Chèvres (L'île-des-),	Saint-Benoît	01338		
DT01-03484	Coter,	Saint-Benoît	01338		
DT01-03504	Cottonières (Les),	Saint-Benoît	01338		
DT01-04481	Évieu,	Saint-Benoît	01338		
DT01-05183	Golliat (Le),	Saint-Benoît	01338		
DT01-06328	Maladières (Les),	Saint-Benoît	01338		
DT01-06420	Marches (Les),	Saint-Benoît	01338		
DT01-06480	Marnier,	Saint-Benoît	01338		
DT01-06820	Molard (Le),	Saint-Benoît	01338		
DT01-06851	Molard-d'Évieu (Le),	Saint-Benoît	01338		
DT01-07172	Morte (La),	Saint-Benoît	01338		
DT01-07479	Neyrieu,	Saint-Benoît	01338		
DT01-07977	Pierre-à-feu,	Saint-Benoît	01338		
DT01-08690	Repigieu,	Saint-Benoît	01338		
DT01-08843	Roche (La),	Saint-Benoît	01338		
DT01-09406	Saint-Julien,	Saint-Benoît	01338		
DT01-09652	Sauge (La),	Saint-Benoît	01338		
DT01-09811	Serrières,	Saint-Benoît	01338		
DT01-10004	Sous-Roche,	Saint-Benoît	01338		
DT01-10114	Taramoz (Le),	Saint-Benoît	01338		
DT01-10366	Tour (La),	Saint-Benoît	01338		
DT01-10525	Très-Chalmont,	Saint-Benoît	01338		
DT01-11004	Vers-Meunier,	Saint-Benoît	01338		
DT01-11028	Veyrin,	Saint-Bois	01340		
DT01-00271	Armont,	Saint-Champ	01341		
DT01-00331	Aux (Les),	Saint-Champ	01341		
DT01-07747	Pas-à-l'âne (Le),	Saint-Champ	01341		
DT01-00543	Barvay,	Saint-Denis-le-Ceyzériat	01344		
DT01-01886	Cadales (Les),	Saint-Denis-le-Ceyzériat	01344		
DT01-02173	Chalandré,	Saint-Denis-le-Ceyzériat	01344		
DT01-02210	Chamambard,	Saint-Denis-le-Ceyzériat	01344		
DT01-02229	Chambière (La),	Saint-Denis-le-Ceyzériat	01344		
DT01-02570	Charpine (La),	Saint-Denis-le-Ceyzériat	01344		
DT01-03036	Clapiers (Les),	Saint-Denis-le-Ceyzériat	01344		
DT01-03288	Cône (Le),	Saint-Denis-le-Ceyzériat	01344		
DT01-03488	Côtes (Les),	Saint-Denis-le-Ceyzériat	01344		
DT01-04983	Gaillards (Les),	Saint-Denis-le-Ceyzériat	01344		
DT01-05342	Grange-Maman (La),	Saint-Denis-le-Ceyzériat	01344		
DT01-06159	Luisandre,	Saint-Denis-le-Ceyzériat	01344		
DT01-06331	Malamard,	Saint-Denis-le-Ceyzériat	01344		
DT01-06902	Mont (Le),	Saint-Denis-le-Ceyzériat	01344		
DT01-07842	Pérouze (La),	Saint-Denis-le-Ceyzériat	01344		
DT01-08260	Portail (Le),	Saint-Denis-le-Ceyzériat	01344		
DT01-08748	Richonnière (La),	Saint-Denis-le-Ceyzériat	01344		
DT01-09001	Route (La),	Saint-Denis-le-Ceyzériat	01344		
DT01-09420	Saint-Lazare,	Saint-Denis-le-Ceyzériat	01344		
DT01-11172	Viocet,	Saint-Denis-le-Ceyzériat	01344		
DT01-05603	Hôpital-de-Chauçon (L'),	Saint-Denis-le-Chausson	01345		
DT01-08201	Pont-de-Chausson (Le),	Saint-Denis-le-Chausson	01345		
DT01-08391	Poype-de-Mizériat (La),	Saint-Didier-de-Chalaronne	01348		
DT01-00133	Amblaron,	Saint-Éloy	01349		
DT01-04517	Faramande (La),	Saint-Éloy	01349		
DT01-05866	Lanzardière (La),	Saint-Éloy	01349		
DT01-06556	Mas-Garnier (Le),	Saint-Éloy	01349		
DT01-06572	Mas-Plomb (Le),	Saint-Éloy	01349		
DT01-07648	Ouche (L'),	Saint-Étienne	01352		
DT01-00509	Barjoux,	Saint-Étienne-de-Chalaronne	01351		
DT01-01926	Calonges (Les),	Saint-Étienne-de-Reyssouze	01352		
DT01-03571	Coves (Les),	Saint-Étienne-sur-Reyssouse	01352		
DT01-09543	Saint-Vincent,	Saint-Étienne-sur-Reyssouse	01352		
DT01-04603	Ferégnen,	Saint-Genis-Pouilly	01354		
DT01-04674	Flies,	Saint-Genis-Pouilly	01354		
DT01-08321	Pouilly,	Saint-Genis-Pouilly	01354		
DT01-08459	Pirignin,	Saint-Genis-Pouilly	01354		
DT01-00305	Assauts (Les),	Saint-Georges-sur-Renon	01356		
DT01-00646	Bécassière (La),	Saint-Georges-sur-Renon	01356		
DT01-01272	Boliard (Grand-),	Saint-Georges-sur-Renon	01356		
DT01-03884	Curtelet,	Saint-Georges-sur-Renon	01356		
DT01-04128	Druts (Les),	Saint-Georges-sur-Renon	01356		
DT01-04789	Forêt (La),	Saint-Georges-sur-Renon	01356		
DT01-05571	Hermitage (L'),	Saint-Georges-sur-Renon	01356		
DT01-05699	Itorne,	Saint-Georges-sur-Renon	01356		
DT01-08123	Platre (Le),	Saint-Georges-sur-Renon	01356		
DT01-10941	Verne (La),	Saint-Georges-sur-Renon	01356		
DT01-11227	Vonnas,	Saint-Georges-sur-Renon	01356		
DT01-10806	Vavres (Les),	Saint-Germain	01359		
DT01-00072	Alaniers (Les),	Saint-Germain-sur-Renon	01359		
DT01-00248	Aressières (Les),	Saint-Germain-sur-Renon	01359		
DT01-00707	Bellettes (Les),	Saint-Germain-sur-Renon	01359		
DT01-00908	Bézenans (Le),	Saint-Germain-sur-Renon	01359		
DT01-00909	Bézenans,	Saint-Germain-sur-Renon	01359		
DT01-01249	Le Petit-),	Saint-Germain-sur-Renon	01359		
DT01-01528	Bouzelinge,	Saint-Germain-sur-Renon	01359		
DT01-02029	Carronnière (La),	Saint-Germain-sur-Renon	01359		
DT01-02621	Chassagnes (Les),	Saint-Germain-sur-Renon	01359		
DT01-03501	Cottière (La),	Saint-Germain-sur-Renon	01359		
DT01-05067	Genets (Les),	Saint-Germain-sur-Renon	01359		
DT01-06931	Montarieux,	Saint-Germain-sur-Renon	01359		
DT01-09113	Ruissant,	Saint-Germain-sur-Renon	01359		
DT01-09681	Sauvage (Le),	Saint-Germain-sur-Renon	01359		
DT01-00093	Allée (L'),	Saint-Jean-sur-Reyssouse	01364		
DT01-10287	Thouvière (La),	Saint-Jean-sur-Reyssouse	01364		
DT01-03137	Colombier (Le),	Saint-Juliens-sur-Reyssouze	01367		
DT01-00973	Biez-au-Seyne (Le),	Saint-Laurent	01370		
DT01-05621	Hôpital-de-Saint-Laurent (L'),	Saint-Laurent-les-Mâcon	01370		
DT01-08118	Platières (Les),	Saint-Martin-de-Larenay	01144		
DT01-01600	Bressan,	Saint-Martin-du-Frêne	01373		
DT01-03292	Conflens,	Saint-Maurice	01125		
DT01-09606	Sane-Morte (La),	Saint-Nizier	01380		
DT01-05623	Hôpital-de-Saint-Rambert (L'),	Saint-Rambert-en-Bugey	01384		
DT01-03288	Cône (Le),	Saint-Remi	01385		
DT01-03116	Collonges (Le Biez-de-),	Saint-Trivier	01389		
DT01-01070	Biolay (Le),	Sainte-Olive	01382	Saint-Olive	
DT01-03246	Communaux (Les),	Sainte-Olive	01382	Saint-Olive	
DT01-03976	Deneriouz,	Sainte-Olive	01382	Saint-Olive	
DT01-04412	Étang-des-Thous (L'),	Sainte-Olive	01382	Saint-Olive	
DT01-04463	Étourneaux (Les),	Sainte-Olive	01382	Saint-Olive	
DT01-04575	Fayeux (Le),	Sainte-Olive	01382	Saint-Olive	
DT01-08922	Ronge (La),	Sainte-Olive	01382	Saint-Olive	
DT01-10466	Toux (Le),	Sainte-Olive	01382	Saint-Olive	
DT01-10518	Trembleys (Les),	Sainte-Olive	01382	Saint-Olive	
DT01-00079	Albion,	Sault-Brénaz	01396		Non identifié (art. 01-09671)
DT01-01592	Brénaz,	Sault-Brénaz	01396		
DT01-05399	Grattes (Les),	Sault-Brénaz	01396		
DT01-05697	Isieux,	Sault-Brénaz	01396		
DT01-07422	Nantin,	Sault-Brénaz	01396		
DT01-07824	Pérollière (La),	Sault-Brénaz	01396		
DT01-08753	Riez (Le),	Sault-Brénaz	01396		
DT01-09539	Saint-Véran,	Sault-Brénaz	01396		
DT01-09545	Saint-Vincent,	Sault-Brénaz	01396		
DT01-09670	Sault (Le),	Sault-Brénaz	01396		
DT01-10080	Taissonnière (La),	Sault-Brénaz	01396		
DT01-10124	Taroz (Le),	Sault-Brénaz	01396		
DT01-09480	Saint-Oyend,	Seillionnas	01400		
DT01-05899	Lavans,	Serrières	non		
DT01-07533	Noire-Fontaine (La),	Serrières	01404		
DT01-07757	Paternoz,	Serrières	non		
DT01-09810	Serrière (Le Petit-),	Serrières	01403		
DT01-10307	Tiolay (Le),	Serrières	01403		
DT01-08907	Romans,	Servaz	01405		
DT01-03856	Culoz,	Sesysel	01407	Seyssel	
DT01-04010	Dhuys (La),	Simandre	01408		
DT01-06991	Mont-de-la-Rousse,	Simandre	01408		
DT01-07904	Petit-Corent,	Simandre	01408		
DT01-08985	Rousse (La),	Simandre	01408		
DT01-09520	Saint-Sébastien,	Simandre	01408		
DT01-10433	Tournesac,	Simandre	01408		
DT01-05573	Heyriat,	Sonthonnax-la-Montagne	01410		
DT01-09404	Saint-Joseph,	Sonthonnax-la-Montagne	01410		
DT01-11237	Vauserèna (La),	Thoiri	01419		
DT01-07355	Musse (La),	Tramoye	01424		
DT01-10711	Valserine (La),	Vaud	01431		
DT01-04669	Fleurville (Le Pont-de-),	Verizet	71569		
DT01-03595	Crassy,	Vesenex-Crassy	01143		
DT01-05301	Grands-Pralies (Les),	Vesenex-Crassy	01143		
DT01-01601	Bressands (Les),	Vésine	01439		
DT01-04593	Felon (Le),	Vieu-d	01441	Vieu-d’Izenave	
DT01-02938	Chevril,	Vieu-d'Yzenave	01441	Vieu-d’Izenave	
DT01-03151	Colomieu,	Vieu-d'Yzenave	01441	Vieu-d’Izenave	
DT01-00041	Adou (L'),	Vieu-en-Valromey	01442		
DT01-02458	Chaponnière (La),	Vieu-en-Valromey	01442		
DT01-02634	Chassin,	Vieu-en-Valromey	01442		
DT01-02731	Châtelard-de-Don (Le),	Vieu-en-Valromey	01442		
DT01-02991	Chongne,	Vieu-en-Valromey	01442		
DT01-03851	Culaz (La),	Vieu-en-Valromey	01442		
DT01-06025	Linod,	Vieu-en-Valromey	01442		
DT01-06210	Machuraz,	Vieu-en-Valromey	01442		
DT01-06913	Montaigre,	Vieu-en-Valromey	01442		
DT01-07559	Notre-Dame-de-Populo,	Vieu-en-Valromey	01442		
DT01-10786	Vaux-Moret,	Vieu-en-Valromey	01442		
DT01-06910	Montagnes-Noires (Les),	Vieux-d'Izenave	01441	Vieu-d’Izenave	
DT01-04510	Falquet,	Vilette	01449	Villette	
DT01-01092	Birieux,	Villars-les-Dombes	01443		
DT01-01447	Bouligneux,	Villars-les-Dombes	01443		
DT01-06466	Marlieux,	Villars-les-Dombes	01443		
DT01-07055	Monthieux,	Villars-les-Dombes	01443		
DT01-07937	Peyrouse (La),	Villars-les-Dombes	01443		
DT01-09366	Saint-Germain-de-Renon,	Villars-les-Dombes	01443		
DT01-09481	Saint-Paul-de-Varax,	Villars-les-Dombes	01443		
DT01-00052	Agnereins,	Villeneuve-Agnereins	01446		
DT01-01390	Botte d'Ouroux (La),	Villeneuve-Agnereins	01446		
DT01-03623	Cressieux,	Villeneuve-Agnereins	01446		
DT01-04443	Petit),	Villeneuve-Agnereins	01446		
DT01-07232	Moulin-de-la-Chanal (Le),	Villeneuve-Agnereins	01446		
DT01-08320	Pouilleux,	Villeneuve-Agnereins	01446		
DT01-08382	Poype-de-Gravains (La),	Villeneuve-Agnereins	01446		
DT01-08422	Prades (Les),	Villeneuve-Agnereins	01446		
DT01-09184	Ruisseau-d'Ouroux (Le),	Villeneuve-Agnereins	01446		
DT01-09499	Saint-Pierre,	Villeneuve-Agnereins	01446		
DT01-01875	Cabonnet,	Villes	01448		
DT01-01918	Calèvaz (La),	Villes	01448		
DT01-02750	Châtelet (Le),	Villes	01448		
DT01-03540	Courjol,	Villes	01448		
DT01-07417	Nant-de-Villes (Le),	Villes	01448		
DT01-08107	Platière (La),	Villes	01448		
DT01-08134	Poe (Le),	Villes	01448		
DT01-06338	Malatrayt,	Villes-en-Michaille	01448		
DT01-00440	Balmes (Les),	Villeversure	01447		
DT01-08847	Roche-de-Belley (La),	Virginin	01454	Virignin	
DT01-01371	Bossieu,	Vongnes	01456		
DT01-02393	Chânoz,	Vongnes	01456		
DT01-09611	Sannasse (La),	Vongnes	01456		
DT01-07294	Moulins,	Yon	01022		
